<wpml-config>
	<custom-types>
		<custom-type translate="1">slide</custom-type>
	</custom-types>
	<custom-fields>
 		<custom-field action="copy">url</custom-field>
 		<custom-field action="ignore">embed</custom-field>
	</custom-fields>
	<taxonomies>
		<taxonomy translate="1">slide-page</taxonomy>
	</taxonomies>
	<admin-texts>
		<key name = "woo_options">
			<key name="woo_featured_slide_group" />
			<key name="woo_contact_title" />
			<key name="woo_contact_address" />
			<key name="woo_maps_callout_text" />
			<key name="woo_connect_content" />
			<key name="woo_connect_title" />
			<key name="woo_footer_left_text" />
			<key name="woo_footer_right_text" />
			<key name="woo_homepage_intro_message_heading" />
			<key name="woo_homepage_intro_message_content" />
			<key name="woo_homepage_intro_message_button_label" />
			<key name="woo_homepage_intro_message_button_url" />
			<key name="woo_homepage_page_id" />
			<key name="woo_homepage_posts_category" />
			<key name="woo_homepage_notice"/>
			<key name="woo_homepage_gallery_area_title"/>
		</key>
    </admin-texts>
</wpml-config>
