<wpml-config>
    <built-with-page-builder>/\[(et_pb_section|et_pb_row|et_pb_column)/</built-with-page-builder>
    <shortcode-list>et_pb_section,et_pb_row,et_pb_column,et_pb_accordion_item,et_pb_cta,et_pb_map_pin,et_pb_text,et_pb_blurb,et_pb_circle_counter,et_pb_contact_field,et_pb_contact_form,et_pb_image,et_pb_number_counter,et_pb_post_nav,et_pb_pricing_table,et_pb_tab,et_pb_toggle,et_pb_counter,et_pb_button,et_pb_countdown_timer,et_pb_login,et_pb_team_member,et_pb_post_slider,et_pb_search,et_pb_slide,et_pb_signup,et_pb_testimonial,et_pb_fullwidth_post_slider,et_pb_fullwidth_header,et_pb_fullwidth_image,et_pb_fullwidth_portfolio,et_pb_audio,et_pb_line_break_holder,et_pb_blog,et_pb_fullwidth_post_title,et_pb_slider,et_pb_fullwidth_menu,et_pb_social_media_follow_network,et_pb_code,et_pb_video_slider_item,et_pb_video,et_pb_gallery</shortcode-list>
    <custom-types>
        <custom-type translate="1">project</custom-type>
        <custom-type translate="1">et_pb_layout</custom-type>
    </custom-types>
    <taxonomies>
        <taxonomy translate="1">project_category</taxonomy>
        <taxonomy translate="1">project_tag</taxonomy>
        <taxonomy translate="1">layout_category</taxonomy>
        <taxonomy translate="0">layout_type</taxonomy>
        <taxonomy translate="1">scope</taxonomy>
        <taxonomy translate="1">module_width</taxonomy>
    </taxonomies>
    <custom-fields>
        <custom-field action="copy">_et_pb_predefined_layout</custom-field>
        <custom-field action="copy">_et_pb_page_layout</custom-field>
        <custom-field action="copy">_et_pb_side_nav</custom-field>
        <custom-field action="copy">_et_pb_post_hide_nav</custom-field>
        <custom-field action="copy">_et_pb_show_title</custom-field>
        <custom-field action="copy">_et_pb_use_builder</custom-field>
        <custom-field action="copy">_et_pb_old_content</custom-field>
        <custom-field action="copy">_et_pb_ab_stats_refresh_interval</custom-field>
        <custom-field action="copy">_et_pb_ab_bounce_rate_limit</custom-field>
        <custom-field action="copy">_et_pb_enable_shortcode_tracking</custom-field>
        <custom-field action="copy">_et_pb_custom_css</custom-field>
        <custom-field action="copy">_et_pb_light_text_color</custom-field>
        <custom-field action="copy">_et_pb_dark_text_color</custom-field>
        <custom-field action="copy">_et_pb_content_area_background_color</custom-field>
        <custom-field action="copy">_et_post_bg_color</custom-field>
        <custom-field action="copy">_et_post_bg_layout</custom-field>
        <custom-field action="copy">_et_pb_use_ab_testing</custom-field>
        <custom-field action="copy">_et_pb_ab_testing_id</custom-field>
        <custom-field action="copy">_et_pb_ab_subjects</custom-field>
        <custom-field action="copy">_et_pb_ab_goal_module</custom-field>
        <custom-field action="copy-once">et_pb_post_hide_nav</custom-field>
    </custom-fields>
    <admin-texts>
        <key name="et_divi">
            <key name="divi_logo"/>
            <key name="divi_favicon"/>
            <key name="divi_seo_home_titletext"/>
            <key name="divi_seo_home_descriptiontext"/>
            <key name="divi_seo_home_keywordstext"/>
            <key name="custom_footer_credits"/>
        </key>
    </admin-texts>
    <shortcodes>
        <shortcode>
            <tag>et_pb_accordion_item</tag>
            <attributes>
                <attribute>title</attribute>
                <attribute type="media-url">background_image</attribute>
            </attributes>
        </shortcode>
        <shortcode>
            <tag>et_pb_cta</tag>
            <attributes>
                <attribute>title</attribute>
                <attribute>button_text</attribute>
                <attribute type="link">button_url</attribute>
                <attribute type="media-url">background_image</attribute>
            </attributes>
        </shortcode>
        <shortcode>
            <tag>et_pb_map_pin</tag>
            <attributes>
                <attribute>title</attribute>
                <attribute type="media-url">background_image</attribute>
            </attributes>
        </shortcode>
        <shortcode>
            <tag>et_pb_text</tag>
            <attributes>
                <attribute type="media-url">background_image</attribute>
                <attribute type="link">link_option_url</attribute>
            </attributes>
        </shortcode>
        <shortcode>
            <tag>et_pb_blurb</tag>
            <attributes>
                <attribute>title</attribute>
                <attribute>alt</attribute>
                <attribute type="media-url">background_image</attribute>
                <attribute type="link">link_option_url</attribute>
                <attribute type="link">url</attribute>
            </attributes>
        </shortcode>
        <shortcode>
            <tag>et_pb_circle_counter</tag>
            <attributes>
                <attribute>title</attribute>
                <attribute type="media-url">background_image</attribute>
            </attributes>
        </shortcode>
        <shortcode>
            <tag>et_pb_contact_field</tag>
            <attributes>
                <attribute>field_title</attribute>
                <attribute type="media-url">background_image</attribute>
            </attributes>
        </shortcode>
        <shortcode>
            <tag>et_pb_contact_form</tag>
            <attributes>
                <attribute>title</attribute>
                <attribute>email</attribute>
                <attribute>custom_message</attribute>
                <attribute>success_message</attribute>
                <attribute>submit_button_text</attribute>
                <attribute type="media-url">background_image</attribute>
            </attributes>
        </shortcode>
        <shortcode>
            <tag>et_pb_image</tag>
            <attributes>
                <attribute>title_text</attribute>
                <attribute>alt</attribute>
                <attribute type="link">url</attribute>
                <attribute type="media-url">src</attribute>
                <attribute type="media-url">background_image</attribute>
            </attributes>
        </shortcode>
        <shortcode>
            <tag>et_pb_number_counter</tag>
            <attributes>
                <attribute>title</attribute>
                <attribute type="media-url">background_image</attribute>
            </attributes>
        </shortcode>
        <shortcode>
            <tag>et_pb_post_nav</tag>
            <attributes>
                <attribute>prev_text</attribute>
                <attribute>next_text</attribute>
                <attribute type="media-url">background_image</attribute>
            </attributes>
        </shortcode>
        <shortcode>
            <tag>et_pb_pricing_table</tag>
            <attributes>
                <attribute>title</attribute>
                <attribute>subtitle</attribute>
                <attribute>button_text</attribute>
                <attribute type="link">button_url</attribute>
                <attribute>currency</attribute>
                <attribute>per</attribute>
                <attribute>sum</attribute>
                <attribute type="media-url">background_image</attribute>
            </attributes>
        </shortcode>
        <shortcode>
            <tag>et_pb_tab</tag>
            <attributes>
                <attribute>title</attribute>
                <attribute type="media-url">background_image</attribute>
            </attributes>
        </shortcode>
        <shortcode>
            <tag>et_pb_toggle</tag>
            <attributes>
                <attribute>title</attribute>
                <attribute type="media-url">background_image</attribute>
            </attributes>
        </shortcode>
        <shortcode>
            <tag>et_pb_counter</tag>
            <attributes>
                <attribute type="media-url">background_image</attribute>
            </attributes>
        </shortcode>
        <shortcode>
            <tag>et_pb_button</tag>
            <attributes>
                <attribute>button_text</attribute>
                <attribute type="link">button_url</attribute>
                <attribute type="media-url">background_image</attribute>
            </attributes>
        </shortcode>
        <shortcode>
            <tag>et_pb_countdown_timer</tag>
            <attributes>
                <attribute>title</attribute>
                <attribute type="media-url">background_image</attribute>
            </attributes>
        </shortcode>
        <shortcode>
            <tag>et_pb_login</tag>
            <attributes>
                <attribute>title</attribute>
                <attribute type="media-url">background_image</attribute>
            </attributes>
        </shortcode>
        <shortcode>
            <tag>et_pb_team_member</tag>
            <attributes>
                <attribute>name</attribute>
                <attribute>position</attribute>
                <attribute type="media-url">image_url</attribute>
                <attribute type="media-url">background_image</attribute>
            </attributes>
        </shortcode>
        <shortcode>
            <tag>et_pb_post_slider</tag>
            <attributes>
                <attribute>more_text</attribute>
                <attribute type="media-url">background_image</attribute>
            </attributes>
        </shortcode>
        <shortcode>
            <tag>et_pb_search</tag>
            <attributes>
                <attribute>placeholder</attribute>
                <attribute type="media-url">background_image</attribute>
            </attributes>
        </shortcode>
        <shortcode>
            <tag>et_pb_slide</tag>
            <attributes>
                <attribute>heading</attribute>
                <attribute>image_alt</attribute>
                <attribute>button_text</attribute>
				<attribute type="link">button_link</attribute>
				<attribute type="link">link_option_url</attribute>
                <attribute type="media-url">image</attribute>
                <attribute type="media-url">background_image</attribute>
            </attributes>
        </shortcode>
        <shortcode>
            <tag>et_pb_signup</tag>
            <attributes>
                <attribute>title</attribute>
                <attribute>button_text</attribute>
                <attribute>description</attribute>
                <attribute>footer_content</attribute>
                <attribute>success_message</attribute>
                <attribute>success_message</attribute>
                <attribute type="media-url">background_image</attribute>
            </attributes>
        </shortcode>
        <shortcode>
            <tag>et_pb_testimonial</tag>
            <attributes>
                <attribute>author</attribute>
                <attribute>job_title</attribute>
                <attribute>company_name</attribute>
                <attribute type="media-url">portrait_url</attribute>
                <attribute type="media-url">background_image</attribute>
            </attributes>
        </shortcode>
        <shortcode>
            <tag>et_pb_fullwidth_post_slider</tag>
            <attributes>
                <attribute>more_text</attribute>
                <attribute type="media-url">background_image</attribute>
            </attributes>
        </shortcode>
        <shortcode>
            <tag>et_pb_fullwidth_header</tag>
            <attributes>
                <attribute>title</attribute>
                <attribute>subhead</attribute>
                <attribute>button_one_text</attribute>
                <attribute type="link">button_one_url</attribute>
                <attribute>button_two_text</attribute>
                <attribute type="link">button_two_url</attribute>
                <attribute>logo_alt_text</attribute>
                <attribute>logo_title</attribute>
                <attribute type="media-url">background_image</attribute>
            </attributes>
        </shortcode>
        <shortcode>
            <tag>et_pb_fullwidth_image</tag>
            <attributes>
                <attribute>alt</attribute>
                <attribute>title_text</attribute>
                <attribute type="media-url">background_image</attribute>
            </attributes>
        </shortcode>
        <shortcode>
            <tag>et_pb_fullwidth_portfolio</tag>
            <attributes>
                <attribute>title</attribute>
                <attribute type="media-url">background_image</attribute>
            </attributes>
        </shortcode>
        <shortcode>
            <tag>et_pb_audio</tag>
            <attributes>
                <attribute>audio</attribute>
                <attribute>title</attribute>
                <attribute>artist_name</attribute>
                <attribute>album_name</attribute>
                <attribute type="media-url">background_image</attribute>
            </attributes>
        </shortcode>
        <shortcode>
            <tag ignore-content="1">et_pb_video_slider_item</tag>
            <attributes>
                <attribute type="media-url">image_src</attribute>
                <attribute type="media-url">background_image</attribute>
            </attributes>
        </shortcode>
        <shortcode>
            <tag ignore-content="1">et_pb_video</tag>
            <attributes>
                <attribute type="media-url">image_src</attribute>
                <attribute type="media-url">background_image</attribute>
            </attributes>
        </shortcode>
        <shortcode>
            <tag ignore-content="1">et_pb_gallery</tag>
            <attributes>
                <attribute type="media-ids">gallery_ids</attribute>
                <attribute type="media-url">background_image</attribute>
            </attributes>
        </shortcode>
    </shortcodes>
    <!-- Fixes and issue with Divi, Extra and Divi Builder. See compsupp-3566 and compsupp-3605 -->
    <gutenberg-blocks>
        <gutenberg-block type="divi/placeholder" translate="0" />
    </gutenberg-blocks>
</wpml-config>
