<wpml-config>
  <custom-types>
    <custom-type translate="1">slide</custom-type>
  </custom-types>
  <taxonomies>
    <taxonomy translate="1">slide-page</taxonomy>
  </taxonomies>
  	<custom-fields>
		<custom-field action="translate">seo_description</custom-field>
		<custom-field action="translate">seo_keywords</custom-field>
		<custom-field action="copy">seo_follow</custom-field>
	</custom-fields>
  <admin-texts>
    <key name="woo_footer_left_text"/>
    <key name="woo_footer_right_text"/>
    <key name="woo_connect_title"/>
    <key name="woo_connect_content"/>
    <key name="woo_contact_title"/>
    <key name="woo_contact_address"/>
    <key name="woo_contact_number"/>
    <key name="woo_contact_fax"/>
    <key name="woo_maps_callout_text"/>
  </admin-texts>
  	<language-switcher-settings>
	<key name="icl_lang_sel_config">
	<key name="font-current-normal">#444444</key>
	<key name="font-current-hover">#000000</key>
	<key name="background-current-normal">#ffffff</key>
	<key name="background-current-hover">#eeeeee</key>
	<key name="font-other-normal">#444444</key>
	<key name="font-other-hover">#000000</key>
	<key name="background-other-normal">#ffffff</key>
	<key name="background-other-hover">#eeeeee</key>
	<key name="border">#cdcdcd</key>
	</key>
	<key name="icl_lang_sel_footer_config">
	<key name="font-current-normal">#393939</key>
	<key name="font-current-hover">#000000</key>
	<key name="background-current-normal">#F5F5F5</key>
	<key name="background-current-hover">#FFFFFF</key>
	<key name="font-other-normal">#393939</key>
	<key name="font-other-hover">#000000</key>
	<key name="background-other-normal">#F5F5F5</key>
	<key name="background-other-hover">#FFFFFF</key>
	<key name="border">transparent</key>
	<key name="background">transparent</key>
	</key>
	<key name="icl_language_switcher_sidebar">1</key>
	<key name="icl_widget_title_show">0</key>
	<key name="icl_lang_sel_type">dropdown</key>
	<key name="icl_lso_link_empty">0</key>
	<key name="icl_lso_flags">1</key>
	<key name="icl_lso_native_lang">1</key>
	<key name="icl_lso_display_lang">0</key>
	<key name="icl_lang_sel_footer">1</key>
	<key name="icl_post_availability">0</key>
	<key name="icl_post_availability_position">below</key>
	<key name="icl_post_availability_text">This post is also available in: %s</key>
	<key name="icl_additional_css">#sidebar { overflow: visible; }</key>
	</language-switcher-settings>
</wpml-config>