<wpml-config>
    <built-with-page-builder>/\[(av|av_)/</built-with-page-builder>
	<shortcode-list>av_one_full,av_tab_section,av_tab_sub_section,av_layout_row,av_cell_one_half,av_textblock,av_heading,av_icon_box,av_iconlist_item,av_timeline_item,av_font_icon,av_headline_rotator,av_rotator_item,av_button,av_button_big,av_content_slider,av_content_slide,av_notification,av_tab,av_toggle,av_promobox,av_contact,av_contact_field,av_magazine,av_team_member,av_team_icon,av_table,av_cell,av_progress_bar,av_submenu_item,av_testimonial_single,av_catalogue_item,av_animated_numbers,av_mailchimp,av_mailchimp_field,av_social_share,av_image,av_image_spot,av_slide,av_slide_full,av_fullscreen_slide,av_slide_accordion,av_layerslider,av_partner,av_partner_logo,av_gmap_location,av_codeblock,av_video,av_masonry_entries,av_cell_one_third,av_google_map,av_one_third,av_section,av_row,et_pb_fullwidth_code,av_testimonial_single</shortcode-list>
    <custom-types>
        <custom-type translate="0">avia_framework_post</custom-type>
        <custom-type translate="1">portfolio</custom-type>
    </custom-types>
    <taxonomies>
        <taxonomy translate="1">portfolio_entries</taxonomy>
    </taxonomies>
    <custom-fields>
        <custom-field action="copy">_aviaLayoutBuilder_active</custom-field>
        <custom-field action="copy-once">_avia_builder_shortcode_tree</custom-field>
        <custom-field action="ignore">_aviaLayoutBuilderCleanData</custom-field>
        <custom-field action="copy-once">sidebar</custom-field>
        <custom-field action="copy-once">footer</custom-field>
        <custom-field action="copy-once">header_title_bar</custom-field>
        <custom-field action="copy-once">header_transparency</custom-field>
        <custom-field action="copy-once">layout</custom-field>
    </custom-fields>
    <language-switcher-settings>
        <key name="icl_lang_sel_config">
            <key name="font-current-normal">#444444</key>
            <key name="font-current-hover">#000000</key>
            <key name="background-current-normal">#ffffff</key>
            <key name="background-current-hover">#eeeeee</key>
            <key name="font-other-normal">#444444</key>
            <key name="font-other-hover">#000000</key>
            <key name="background-other-normal">#ffffff</key>
            <key name="background-other-hover">#eeeeee</key>
            <key name="border">#EEEEEE</key>
        </key>
        <key name="icl_lang_sel_footer_config">
            <key name="font-current-normal">#393939</key>
            <key name="font-current-hover">#000000</key>
            <key name="background-current-normal">#F5F5F5</key>
            <key name="background-current-hover">#FFFFFF</key>
            <key name="font-other-normal">#393939</key>
            <key name="font-other-hover">#000000</key>
            <key name="background-other-normal">#F5F5F5</key>
            <key name="background-other-hover">#FFFFFF</key>
            <key name="border">transparent</key>
            <key name="background">transparent</key>
        </key>
        <key name="icl_language_switcher_sidebar">1</key>
        <key name="icl_widget_title_show">0</key>
        <key name="icl_lang_sel_type">dropdown</key>
        <key name="icl_lso_link_empty">0</key>
        <key name="icl_lso_flags">1</key>
        <key name="icl_lso_native_lang">1</key>
        <key name="icl_lso_display_lang">0</key>
        <key name="icl_lang_sel_footer">0</key>
        <key name="icl_post_availability">1</key>
        <key name="icl_post_availability_position">below</key>
        <key name="icl_post_availability_text">This post is also available in: %s</key>
        <key name="icl_additional_css">#lang_sel img, #lang_sel_list img, #lang_sel_footer img { display: inline; }</key>
    </language-switcher-settings>
    <shortcodes>
        <shortcode>
            <tag>av_textblock</tag>
        </shortcode>
        <shortcode>
            <tag>av_heading</tag>
            <attributes>
                <attribute encoding="allow_html_tags">heading</attribute>
            </attributes>
        </shortcode>
        <shortcode>
            <tag>av_icon_box</tag>
            <attributes>
                <attribute>title</attribute>
                <attribute type="link" encoding="av_link">link</attribute>
            </attributes>
        </shortcode>
        <shortcode>
            <tag>av_iconlist_item</tag>
            <attributes>
                <attribute>title</attribute>
                <attribute type="link" encoding="av_link">link</attribute>
            </attributes>
        </shortcode>
        <shortcode>
            <tag>av_timeline_item</tag>
            <attributes>
                <attribute>title</attribute>
                <attribute type="link" encoding="av_link">link</attribute>
                <attribute>date</attribute>
                <attribute type="media-url">image</attribute>
                <attribute type="media-ids">attachment</attribute>
            </attributes>
        </shortcode>
        <shortcode>
            <tag>av_font_icon</tag>
            <attributes>
                <attribute>caption</attribute>
                <attribute type="link" encoding="av_link">link</attribute>
            </attributes>
        </shortcode>
        <shortcode>
            <tag>av_headline_rotator</tag>
            <attributes>
                <attribute>before_rotating</attribute>
                <attribute>after_rotating</attribute>
            </attributes>
        </shortcode>
        <shortcode>
            <tag>av_rotator_item</tag>
            <attributes>
                <attribute>title</attribute>
                <attribute type="link" encoding="av_link">link</attribute>
            </attributes>
        </shortcode>
        <shortcode>
            <tag>av_button</tag>
            <attributes>
                <attribute>label</attribute>
                <attribute type="link" encoding="av_link">link</attribute>
            </attributes>
        </shortcode>
        <shortcode>
            <tag>av_button_big</tag>
            <attributes>
                <attribute>label</attribute>
                <attribute type="link" encoding="av_link">link</attribute>
            </attributes>
        </shortcode>
        <shortcode>
            <tag>av_content_slider</tag>
            <attributes>
                <attribute>heading</attribute>
            </attributes>
        </shortcode>
        <shortcode>
            <tag>av_content_slide</tag>
            <attributes>
                <attribute>title</attribute>
                <attribute type="link" encoding="av_link">link</attribute>
            </attributes>
        </shortcode>
        <shortcode>
            <tag>av_notification</tag>
            <attributes>
                <attribute>title</attribute>
                <attribute type="link" encoding="av_link">link</attribute>
            </attributes>
        </shortcode>
        <shortcode>
            <tag>av_tab</tag>
            <attributes>
                <attribute>title</attribute>
            </attributes>
        </shortcode>
        <shortcode>
            <tag>av_toggle</tag>
            <attributes>
                <attribute>title</attribute>
                <attribute>tags</attribute>
            </attributes>
        </shortcode>
        <shortcode>
            <tag>av_promobox</tag>
            <attributes>
                <attribute>label</attribute>
                <attribute type="link" encoding="av_link">link</attribute>
            </attributes>
        </shortcode>
        <shortcode>
            <tag>av_contact</tag>
            <attributes>
                <attribute>email</attribute>
                <attribute>title</attribute>
                <attribute>button</attribute>
                <attribute>sent</attribute>
                <attribute type="link" encoding="av_link">link</attribute>
                <attribute>subject</attribute>
                <attribute>autorespond</attribute>
            </attributes>
        </shortcode>
        <shortcode>
            <tag>av_contact_field</tag>
            <attributes>
                <attribute>label</attribute>
            </attributes>
        </shortcode>
        <shortcode>
            <tag>av_magazine</tag>
            <attributes>
                <attribute type="link" encoding="av_link">link</attribute>
                <attribute>heading</attribute>
            </attributes>
        </shortcode>
        <shortcode>
            <tag>av_team_member</tag>
            <attributes>
                <attribute>name</attribute>
                <attribute>job</attribute>
                <attribute>description</attribute>
                <attribute type="media-url">src</attribute>
                <attribute type="media-ids">attachment</attribute>
            </attributes>
        </shortcode>
        <shortcode>
            <tag>av_team_icon</tag>
            <attributes>
                <attribute>title</attribute>
                <attribute type="link" encoding="av_link">link</attribute>
            </attributes>
        </shortcode>
        <shortcode>
            <tag>av_table</tag>
            <attributes>
                <attribute>caption</attribute>
            </attributes>
        </shortcode>
        <shortcode>
            <tag>av_cell</tag>
            <attributes>
                <attribute>caption</attribute>
            </attributes>
        </shortcode>
        <shortcode>
            <tag>av_progress_bar</tag>
            <attributes>
                <attribute>title</attribute>
            </attributes>
        </shortcode>
        <shortcode>
            <tag>av_submenu_item</tag>
            <attributes>
                <attribute>title</attribute>
                <attribute type="link" encoding="av_link">link</attribute>
            </attributes>
        </shortcode>
        <shortcode>
            <tag>av_testimonial_single</tag>
            <attributes>
                <attribute>name</attribute>
                <attribute>subtitle</attribute>
            </attributes>
        </shortcode>
        <shortcode>
            <tag>av_catalogue_item</tag>
            <attributes>
                <attribute>title</attribute>
                <attribute>price</attribute>
                <attribute type="link" encoding="av_link">link</attribute>
                <attribute type="media-ids">id</attribute>
            </attributes>
        </shortcode>
        <shortcode>
            <tag>av_animated_numbers</tag>
            <attributes>
                <attribute>number</attribute>
                <attribute type="link" encoding="av_link">link</attribute>
            </attributes>
        </shortcode>
        <shortcode>
            <tag>av_mailchimp</tag>
            <attributes>
                <attribute>sent</attribute>
            </attributes>
        </shortcode>
        <shortcode>
            <tag>av_mailchimp_field</tag>
            <attributes>
                <attribute>label</attribute>
            </attributes>
        </shortcode>
        <shortcode>
            <tag>av_social_share</tag>
            <attributes>
                <attribute>title</attribute>
            </attributes>
        </shortcode>
        <shortcode>
            <tag>av_image</tag>
            <attributes>
                <attribute type="link" encoding="av_link">link</attribute>
            </attributes>
        </shortcode>
        <shortcode>
            <tag>av_image_spot</tag>
            <attributes>
                <attribute type="link" encoding="av_link">link</attribute>
            </attributes>
        </shortcode>
        <shortcode>
            <tag>av_slide</tag>
            <attributes>
                <attribute>title</attribute>
                <attribute type="link" encoding="av_link">link</attribute>
            </attributes>
        </shortcode>
        <shortcode>
            <tag>av_slide_full</tag>
            <attributes>
                <attribute>title</attribute>
                <attribute type="link" encoding="av_link">link</attribute>
                <attribute>link1</attribute>
                <attribute>button_label</attribute>
                <attribute>button_label2</attribute>
                <attribute>link2</attribute>
            </attributes>
        </shortcode>
        <shortcode>
            <tag>av_fullscreen_slide</tag>
            <attributes>
                <attribute>title</attribute>
                <attribute>button_label</attribute>
                <attribute>link1</attribute>
                <attribute>button_label2</attribute>
                <attribute>link2</attribute>
            </attributes>
        </shortcode>
        <shortcode>
            <tag>av_slide_accordion</tag>
            <attributes>
                <attribute>title</attribute>
                <attribute type="link" encoding="av_link">link</attribute>
                <attribute type="media-ids">id</attribute>
            </attributes>
        </shortcode>
        <shortcode>
            <tag>av_partner</tag>
            <attributes>
                <attribute>heading</attribute>
            </attributes>
        </shortcode>
        <shortcode>
            <tag>av_partner_logo</tag>
            <attributes>
                <attribute>hover</attribute>
                <attribute type="link" encoding="av_link">link</attribute>
                <attribute>linktitle</attribute>
            </attributes>
        </shortcode>
        <shortcode>
            <tag>av_gmap_location</tag>
            <attributes>
                <attribute>address</attribute>
                <attribute>city</attribute>
                <attribute>country</attribute>
            </attributes>
        </shortcode>
        <shortcode>
            <tag ignore-content="1">av_testimonial_single</tag>
            <attributes>
                <attribute type="media-ids">src</attribute>
            </attributes>
        </shortcode>
        <shortcode>
            <tag>av_tab_sub_section</tag>
            <attributes>
                <attribute>tab_title</attribute>
            </attributes>
        </shortcode>
        <shortcode>
            <tag>av_buttonrow_item</tag>
            <attributes>
                <attribute>label</attribute>
                <attribute type="link" encoding="av_link">link</attribute>
            </attributes>
        </shortcode>
    </shortcodes>
</wpml-config>
