<wpml-config>
<custom-types>
<custom-type translate="0">etheme_framework</custom-type>
<custom-type translate="1">etheme_portfolio</custom-type>
<custom-type translate="1">testimonial</custom-type>
</custom-types>
<taxonomies>
<taxonomy translate="1">categories</taxonomy>
<taxonomy translate="1">testimonial-category</taxonomy>
<taxonomy translate="1">tag</taxonomy>
</taxonomies>
<admin-texts>
<key name="option_tree">
<key name="contacts_custom_html" />
<key name="contacts_info" />      
</key>
</admin-texts>
</wpml-config>