<wpml-config>
    <built-with-page-builder>/\[vc_row\]/</built-with-page-builder>
    <custom-types>
        <custom-type translate="1">portfolio</custom-type>
        <custom-type translate="1">uncodeblock</custom-type>
        <custom-type translate="1">uncode_gallery</custom-type>
    </custom-types>
    <taxonomies>
        <taxonomy translate="1">portfolio_category</taxonomy>
        <taxonomy translate="1">page_category</taxonomy>
        <taxonomy translate="1">uncodeblock_category</taxonomy>
        <taxonomy translate="1">uncode_gallery_category</taxonomy>
    </taxonomies>
    <custom-fields>
        <custom-field action="copy-once">_uncode_gallery_media</custom-field>
        <custom-field action="copy-once">_uncode_gallery_cover</custom-field>
        <custom-field action="copy-once">_thumbnail_id</custom-field>
        <custom-field action="copy-once">_uncode_featured_media</custom-field>
        <custom-field action="copy-once">_uncode_poster_image</custom-field>
        <custom-field action="copy-once">_uncode_team_member</custom-field>
        <custom-field action="copy-once">_uncode_team_member_social</custom-field>
        <custom-field action="copy-once">_uncode_video_alternative</custom-field>
        <custom-field action="copy-once">_uncode_video_loop</custom-field>
        <custom-field action="copy-once">_uncode_animated_svg</custom-field>
        <custom-field action="copy-once">_uncode_animated_svg_time</custom-field>
        <custom-field action="copy-once">_uncode_header_height</custom-field>
        <custom-field action="copy-once">_uncode_carousel_transition</custom-field>
        <custom-field action="copy-once">_uncode_carousel_navigation</custom-field>
        <custom-field action="copy-once">_uncode_carousel_dots</custom-field>
        <custom-field action="copy-once">_uncode_carousel_loop</custom-field>
        <custom-field action="copy-once">_uncode_carousel_autoplay</custom-field>
        <custom-field action="copy-once">_uncode_carousel_autoplay_timeout</custom-field>
        <custom-field action="copy-once">_uncode_revslider_list</custom-field>
        <custom-field action="copy-once">_uncode_layerslider_list</custom-field>
        <custom-field action="copy-once">_uncode_content_width</custom-field>
        <custom-field action="copy-once">_uncode_header_align</custom-field>
        <custom-field action="copy-once">_uncode_classic_breadcrumb</custom-field>
        <custom-field action="copy-once">_uncode_page_scroll</custom-field>
        <custom-field action="copy-once">_uncode_select_content</custom-field>
        <custom-field action="copy-once">_uncode_featured_media_display</custom-field>
        <custom-field action="copy-once">_uncode_specific_menu_opaque</custom-field>
        <custom-field action="copy-once">_uncode_blocks_list</custom-field>
        <custom-field action="copy-once">_uncode_header_title</custom-field>
        <custom-field action="copy-once">_uncode_header_style</custom-field>
        <custom-field action="copy-once">_uncode_header_content_width</custom-field>
        <custom-field action="copy-once">_uncode_header_custom_width</custom-field>
        <custom-field action="copy-once">_uncode_header_position</custom-field>
        <custom-field action="copy-once">_uncode_header_title_size</custom-field>
        <custom-field action="copy-once">_uncode_header_title_italic</custom-field>
        <custom-field action="copy-once">_uncode_header_title_custom</custom-field>
        <custom-field action="copy-once">_uncode_header_featured</custom-field>
        <custom-field action="copy-once">_uncode_header_parallax</custom-field>
        <custom-field action="copy-once">_uncode_header_overlay_color_alpha</custom-field>
        <custom-field action="copy-once">_uncode_header_scroll_opacity</custom-field>
        <custom-field action="copy-once">_uncode_header_scrolldown</custom-field>
        <custom-field action="copy-once">_uncode_specific_title</custom-field>
        <custom-field action="copy-once">_uncode_sidebar_position</custom-field>
        <custom-field action="copy-once">_uncode_sidebar_size</custom-field>
        <custom-field action="copy-once">_uncode_sidebar_style</custom-field>
        <custom-field action="copy-once">_uncode_sidebar_fill</custom-field>
        <custom-field action="copy-once">_uncode_header_type</custom-field>
        <custom-field action="copy-once">_uncode_specific_breadcrumb</custom-field>
        <custom-field action="copy-once">_uncode_content_full_width</custom-field>
        <custom-field action="copy-once">_uncode_content_align</custom-field>
        <custom-field action="copy-once">_uncode_specific_menu_full</custom-field>
        <custom-field action="copy-once">_uncode_specific_unlock</custom-field>
        <custom-field action="copy-once">_uncode_specific_unlock_content</custom-field>
        <custom-field action="copy-once">_uncode_specific_footer_full</custom-field>
        <custom-field action="copy-once">_uncode_header_full_width</custom-field>
        <custom-field action="copy-once">_uncode_header_width</custom-field>
        <custom-field action="copy-once">_uncode_header_title_uppercase</custom-field>
        <custom-field action="copy-once">_uncode_header_breadcrumb</custom-field>
        <custom-field action="copy-once">_uncode_header_container_overlay_color_alpha</custom-field>
        <custom-field action="copy-once">_uncode_active_sidebar</custom-field>
        <custom-field action="copy-once">_uncode_specific_menu_no_shadow</custom-field>
        <custom-field action="copy-once">_uncode_header_background</custom-field>
        <custom-field action="copy-once">_uncode_sidebar_sticky</custom-field>
        <custom-field action="copy-once">_uncode_menu_no_padding</custom-field>
        <custom-field action="copy-once">_uncode_menu_no_padding_mobile</custom-field>
        <custom-field action="copy-once">_uncode_page_sidebar</custom-field>
        <custom-field action="copy-once">_uncode_header_slides</custom-field>
        <custom-field action="copy-once">_uncode_specific_menu_no_padding</custom-field>
        <custom-field action="copy-once">_uncode_fullpage_type</custom-field>
        <custom-field action="copy-once">_uncode_fullpage_opacity</custom-field>
        <custom-field action="copy-once">_uncode_scroll_dots</custom-field>
        <custom-field action="copy-once">_uncode_empty_dots</custom-field>
        <custom-field action="copy-once">_uncode_scroll_history</custom-field>
        <custom-field action="copy-once">_uncode_scroll_safe_padding</custom-field>
        <custom-field action="copy-once">_uncode_scroll_additional_padding</custom-field>
        <custom-field action="copy-once">_uncode_fullpage_mobile</custom-field>
        <custom-field action="copy-once">_uncode_scroll_snap</custom-field>
        <custom-field action="copy-once">_uncode_header_text_animation</custom-field>
        <custom-field action="copy-once">_uncode_header_overlay_color</custom-field>
        <custom-field action="copy-once">_uncode_header_overlay_pattern</custom-field>
        <custom-field action="copy-once">_uncode_header_text</custom-field>
        <custom-field action="copy-once">_uncode_header_container_background</custom-field>
        <custom-field action="copy-once">_uncode_specific_footer_block</custom-field>
        <custom-field action="copy-once">_uncode_header_min_height</custom-field>
        <custom-field action="copy-once">_uncode_header_title_font</custom-field>
        <custom-field action="copy-once">_uncode_header_title_transform</custom-field>
        <custom-field action="copy-once">_uncode_specific_menu_width</custom-field>
        <custom-field action="copy-once">_uncode_specific_footer_width</custom-field>
        <custom-field action="copy-once">_uncode_header_title_weight</custom-field>
        <custom-field action="copy-once">_uncode_header_title_spacing</custom-field>
        <custom-field action="copy-once">_uncode_scroll_header_name</custom-field>
        <custom-field action="copy-once">_uncode_specific_body_background</custom-field>
        <custom-field action="copy-once">_uncode_sidebar_bgcolor</custom-field>
        <custom-field action="copy-once">_uncode_header_bold</custom-field>
        <custom-field action="copy-once">_uncode_sidebar</custom-field>
        <custom-field action="copy-once">_uncode_specific_layout_width</custom-field>
        <custom-field action="copy-once">_uncode_specific_bg_color</custom-field>
        <custom-field action="copy-once">_uncode_specific_content_full</custom-field>
        <custom-field action="copy-once">_uncode_header_title_height</custom-field>
        <custom-field action="copy-once">_uncode_header_overlay_scrolldown</custom-field>
        <custom-field action="copy-once">_uncode_specific_menu</custom-field>
        <custom-field action="copy-once">_uncode_specific_layout_width_custom</custom-field>
        <custom-field action="copy-once">_uncode_portfolio_position</custom-field>
        <custom-field action="copy-once">_uncode_portfolio_sidebar_size</custom-field>
        <custom-field action="copy-once">_uncode_portfolio_style</custom-field>
        <custom-field action="copy-once">_uncode_portfolio_sidebar_fill</custom-field>
        <custom-field action="copy-once">_uncode_fullpage</custom-field>
        <custom-field action="copy-once">_uncode_portfolio_size</custom-field>
        <custom-field action="copy-once">_uncode_portfolio_active</custom-field>
        <custom-field action="copy-once">_uncode_portfolio_title</custom-field>
        <custom-field action="copy-once">_uncode_portfolio_text</custom-field>
        <custom-field action="copy-once">_uncode_portfolio_bgcolor</custom-field>
        <custom-field action="copy-once">_uncode_footer_blocks_list</custom-field>
        <custom-field action="copy-once">_uncode_portfolio_sidebar_sticky</custom-field>
        <custom-field action="copy-once">_uncode_specific_navigation_index</custom-field>
        <custom-field action="copy-once">_uncode_specific_content_block_after</custom-field>
        <custom-field action="copy-once">_uncode_portfolio_sidebar_full</custom-field>
        <custom-field action="copy-once">_uncode_specific_background</custom-field>
        <custom-field action="copy-once">_uncode_fullpage_menu</custom-field>
        <custom-field action="copy-once">_uncode_specific_media</custom-field>
        <custom-field action="copy-once">_uncode_specific_tags_align</custom-field>
        <custom-field action="copy-once">_uncode_specific_navigation_hide</custom-field>
        <custom-field action="copy-once">_uncode_specific_breadcrumb_align</custom-field>
        <custom-field action="copy-once">_uncode_specific_tags</custom-field>
        <custom-field action="copy-once">_uncode_specific_header</custom-field>
        <custom-field action="copy-once">_uncode_header_content_full_width</custom-field>
        <custom-field action="copy-once">_uncode_header_content_align</custom-field>
        <custom-field action="copy-once">_uncode_is_oembed_gallery</custom-field>
    </custom-fields>
    <admin-texts>
        <key name="uncode">
            <key name="_uncode_menu_bloginfo"/>
            <key name="_uncode_post_navigation_index_label"/>
            <key name="_uncode_portfolio_navigation_index_label"/>
            <key name="_uncode_product_navigation_index_label"/>
            <key name="_uncode_footer_text"/>
        </key>
    </admin-texts>
    <shortcodes>
        <shortcode>
            <tag>uncode_list</tag>
        </shortcode>
        <shortcode>
            <tag>uncode_counter</tag>
            <attributes>
                <attribute>text</attribute>
            </attributes>
        </shortcode>
        <shortcode>
            <tag>vc_custom_heading</tag>
            <attributes>
                <attribute>text</attribute>
                <attribute>link</attribute>
                <attribute>subheading</attribute>
            </attributes>
        </shortcode>
    </shortcodes>
</wpml-config>
