<wpml-config>
    <admin-texts>
        <key name="option_tree">
            <key name="ut_csection_header_slogan"/>
            <key name="ut_csection_header_expertise_slogan"/>
            <key name="ut_left_csection_content_area"/>
            <key name="ut_right_csection_content_area"/>
        </key>
    </admin-texts>
    <shortcodes>
        <shortcode>
            <tag>ut_big_icon</tag>
            <attributes>
                <attribute>slogan</attribute>
                <attribute>title</attribute>
            </attributes>
        </shortcode>
        <shortcode>
            <tag>ut_btn</tag>
            <attributes>
                <attribute>button_text</attribute>
            </attributes>
        </shortcode>
        <shortcode>
            <tag>ut_button</tag>
            <attributes>
                <attribute type="link">link</attribute>
            </attributes>
        </shortcode>
        <shortcode>
            <tag>ut_client</tag>
            <attributes>
                <attribute>name</attribute>
            </attributes>
        </shortcode>
        <shortcode>
            <tag>ut_custom_heading</tag>
        </shortcode>
        <shortcode>
            <tag>ut_custom_link</tag>
            <attributes>
                <attribute type="link">link</attribute>
            </attributes>
        </shortcode>
        <shortcode>
            <tag>ut_fancy_link</tag>
            <attributes>
                <attribute type="link">url</attribute>
            </attributes>
        </shortcode>
        <shortcode>
            <tag>ut_header</tag>
            <attributes>
                <attribute>title</attribute>
            </attributes>
        </shortcode>
        <shortcode>
            <tag>ut_highlight</tag>
        </shortcode>
        <shortcode>
            <tag>ut_hover_box_back</tag>
            <attributes>
                <attribute>title</attribute>
            </attributes>
        </shortcode>
        <shortcode>
            <tag>ut_hover_box_front</tag>
            <attributes>
                <attribute>title</attribute>
            </attributes>
        </shortcode>
        <shortcode>
            <tag>ut_service_column</tag>
            <attributes>
                <attribute>headline</attribute>
            </attributes>
        </shortcode>
        <shortcode>
            <tag>ut_service_column_vertical</tag>
            <attributes>
                <attribute>headline</attribute>
            </attributes>
        </shortcode>
        <shortcode>
            <tag>ut_team_member</tag>
            <attributes>
                <attribute>name</attribute>
                <attribute>occupation</attribute>
            </attributes>
        </shortcode>
        <shortcode>
            <tag>ut_parallax_quote</tag>
            <attributes>
                <attribute>cite</attribute>
            </attributes>
        </shortcode>
        <shortcode>
            <tag>ut_probar</tag>
            <attributes>
                <attribute>info</attribute>
            </attributes>
        </shortcode>
        <shortcode>
            <tag>ut_quote</tag>
        </shortcode>
        <shortcode>
            <tag>ut_rotate_words</tag>
        </shortcode>
        <shortcode>
            <tag>ut_service_box</tag>
        </shortcode>
        <shortcode>
            <tag>ut_service_column</tag>
            <attributes>
                <attribute>headline</attribute>
            </attributes>
        </shortcode>
        <shortcode>
            <tag>ut_service_column_vertical</tag>
            <attributes>
                <attribute>headline</attribute>
            </attributes>
        </shortcode>
        <shortcode>
            <tag>ut_service_icon_box</tag>
            <attributes>
                <attribute>headline</attribute>
            </attributes>
        </shortcode>
        <shortcode>
            <tag>ut_social</tag>
            <attributes>
                <attribute>title</attribute>
            </attributes>
        </shortcode>
        <shortcode>
            <tag>ut_tab</tag>
            <attributes>
                <attribute>title</attribute>
            </attributes>
        </shortcode>
        <shortcode>
            <tag>ut_toggle</tag>
            <attributes>
                <attribute>title</attribute>
            </attributes>
        </shortcode>
    </shortcodes>
</wpml-config>